748000000,2.4212540665757842e-06
750000000,2.3751008484396152e-06
847000000,2.35830293604522e-06
849000000,2.351003558942466e-06
948000000,2.3331569991569268e-06
951000000,2.300095502505428e-06
48000000,2.290296833962202e-06
51000000,2.2531380636792164e-06
147000000,2.244464212708408e-06
147000000,2.233810846519191e-06
153000000,2.1934813503321493e-06
247000000,2.1846435629413463e-06
248000000,2.1707519408664666e-06
251000000,2.134922397090122e-06
347000000,2.1224673218966927e-06
350000000,2.0966062947991304e-06
448000000,2.083194885926787e-06
451000000,2.0538184344331967e-06
454000000,2.015373638641904e-06
545000000,2.0020611373183783e-06
550000000,1.9843989775836235e-06
552000000,1.941176151376567e-06
647000000,1.930279722728301e-06
648000000,1.914674612635281e-06
652000000,1.8727046153799165e-06
747000000,1.8547901845522574e-06
750000000,1.8387734144198475e-06
751000000,1.8166197151003871e-06
849000000,1.7901782030094182e-06
852000000,1.7618621086512576e-06
947000000,1.7634687310419395e-06
950000000,1.7561765162099618e-06
955000000,1.7360946458211401e-06
47000000,1.7252873476536479e-06
49000000,2.01425314116932e-06
148000000,1.9520261957950424e-06
151000000,1.7559729030836024e-06
153000000,1.6627770946797682e-06
247000000,1.694600314294803e-06
247000000,1.6767774013715098e-06
252000000,1.6441923662569025e-06
347000000,1.6097968682515784e-06
348000000,1.606978003110271e-06
351000000,1.5927774938973016e-06
446000000,1.5573626797049656e-06
449000000,1.5807523823241354e-06
449000000,1.5368428876172402e-06
546000000,1.586417170074128e-06
548000000,1.577879970682261e-06
550000000,1.5982242302925442e-06
647000000,1.5021943227111478e-06
650000000,1.5430032362928614e-06
653000000,1.46717877669289e-06
745000000,1.4938686945242807e-06
745000000,1.4814735322943307e-06
848000000,1.4261995602282695e-06
851000000,1.494922230449447e-06
855000000,1.5374173472082475e-06
948000000,1.4263433740779874e-06
949000000,1.410228378517786e-06
951000000,1.4069391909288242e-06
49000000,1.3725428971156362e-06
51000000,1.5994834257071489e-06
147000000,1.5330252836065483e-06
148000000,1.3565975223173155e-06
149000000,2.6722530037659453e-06
248000000,2.6329212232667487e-06
250000000,2.6032014375232393e-06
252000000,2.467362492097891e-06
347000000,2.4208586637541885e-06
352000000,2.372796870986349e-06
353000000,2.187363861594349e-06
448000000,2.118931433869875e-06
448000000,2.042866753981798e-06
451000000,1.852024752224679e-06
547000000,1.7933716662810184e-06
550000000,1.7358543118461967e-06
553000000,1.6941218063948327e-06
648000000,1.6490184862050228e-06
650000000,1.6089666132756975e-06
654000000,1.4435071307161706e-06
747000000,1.5063077398735913e-06
748000000,1.4063538174013956e-06
750000000,3.029965000678203e-06
845000000,3.3782466744014528e-06
849000000,3.3644982977421023e-06
853000000,3.246805363232852e-06
947000000,3.22280402542674e-06
948000000,3.2003044907469302e-06
952000000,3.070234242841252e-06
48000000,3.0423273074120516e-06
49000000,2.9168663786549587e-06
148000000,2.891533995352802e-06
150000000,2.9153613922972e-06
152000000,2.8180993467685767e-06
245000000,2.8017273052682867e-06
250000000,2.788488245641929e-06
250000000,2.772156221908517e-06
347000000,2.7507674076332478e-06
349000000,2.7124151529278606e-06
350000000,2.710078661039006e-06
448000000,2.652669536473695e-06
450000000,2.6401667128084227e-06
453000000,2.9885716230637627e-06
547000000,5.516164492291864e-06
549000000,6.155995379231172e-06
551000000,5.911900643695844e-06
647000000,5.887892712053144e-06
650000000,5.7167567319993395e-06
749000000,5.699795110558625e-06
753000000,5.550618880079128e-06
847000000,5.574133410846116e-06
849000000,5.496482572198147e-06
852000000,5.399732799560297e-06
947000000,5.376860372052761e-06
948000000,5.432600119092967e-06
954000000,5.422861249826383e-06
48000000,5.356464953365503e-06
49000000,5.208673428569455e-06
51000000,5.2316604524094146e-06
147000000,5.153223355591763e-06
155000000,5.138632786838571e-06
157000000,5.0883622861874755e-06
248000000,5.20475168741541e-06
251000000,4.799128419108456e-06
347000000,4.7284047468565404e-06
349000000,4.7805815484025516e-06
351000000,4.057043497596169e-06
447000000,2.816290816554101e-06
448000000,1.3282881354825804e-06
452000000,3.904286316469552e-08
547000000,2.907302416588209e-07
550000000,1.0001410544191458e-07
552000000,1.7065129043203342e-07
647000000,1.3485649219546758e-07
648000000,1.2726093245873926e-07
650000000,1.5660675956041814e-07
747000000,1.0459846322419253e-07
749000000,1.8519180855491868e-07
752000000,1.269164897621522e-07
847000000,2.520293946872698e-07
848000000,2.1496811086763046e-07
848000000,2.238975582713465e-07
948000000,1.1441760250363586e-07
950000000,1.712560049327294e-07
47000000,4.546074876543571e-07
52000000,5.218238356974325e-07
54000000,1.391888559965082e-07
147000000,2.2150460665670835e-07
149000000,1.5181039714207145e-07
154000000,1.955597923597452e-07
248000000,1.8239678922782332e-07
250000000,2.3143488192545192e-07
251000000,2.1883913348119677e-07
348000000,1.831760272352767e-07
350000000,2.1831461083365866e-07
447000000,2.314283165105735e-07
462000000,1.9375147530809045e-07
463000000,2.3782037317232607e-07
547000000,2.538741057378502e-07
551000000,2.00070132905239e-07
552000000,2.604153053198388e-07
647000000,1.831055271850346e-07
649000000,2.9135435397620313e-07
650000000,2.2968347934693156e-07
747000000,3.145304674490035e-07
747000000,2.514256891572586e-07
748000000,2.558673770636233e-07
847000000,2.594306920400413e-07
851000000,2.7260020374342275e-07
948000000,2.8339172786218114e-07
949000000,2.8338862989585323e-07
951000000,2.8663885132118594e-07
48000000,2.8733452950291394e-07
51000000,2.9452661465256824e-07
148000000,3.311851912712882e-07
151000000,2.993230339143338e-07
151000000,3.254977798405889e-07
247000000,3.0622547342318285e-07
250000000,3.2504937053090543e-07
252000000,3.1720611559649114e-07
347000000,3.2421283435724035e-07
348000000,3.1984171755539137e-07
353000000,3.2398315852333326e-07
448000000,3.3290481837866537e-07
449000000,2.9536457191170484e-07
548000000,3.2957137818812043e-07
551000000,4.089384901817539e-07
554000000,3.443910543410311e-07
648000000,3.362444260801567e-07
652000000,3.30791806391062e-07
655000000,3.3849633496174647e-07
747000000,3.473486458460684e-07
750000000,3.405789072985499e-07
752000000,3.4259392123203725e-07
847000000,3.512219279855344e-07
849000000,3.4556452987999364e-07
853000000,3.489664948119753e-07
947000000,3.48751797218938e-07
949000000,3.5892142591364973e-07
952000000,3.5103013829029805e-07
47000000,3.622164967964636e-07
51000000,3.551013492142374e-07
53000000,3.648561630598124e-07
147000000,3.5547998322726926e-07
149000000,3.656082014913409e-07
152000000,3.575438540792675e-07
249000000,3.476094718735112e-07
252000000,3.699793467148993e-07
254000000,3.672411139632459e-07
347000000,3.559476056125277e-07
350000000,3.535535029186576e-07
350000000,3.528433296651201e-07
448000000,3.615164985149022e-07
451000000,3.5068725878772966e-07
454000000,3.582243266464502e-07
547000000,3.466634268534108e-07
550000000,3.4705965390458005e-07
553000000,3.52930555891362e-07
648000000,3.4153629258071305e-07
650000000,3.373562549313647e-07
749000000,3.4526343029028794e-07
751000000,3.322161603591667e-07
753000000,3.3936373711185297e-07
847000000,3.2617484180264e-07
850000000,3.252295641686942e-07
852000000,3.207809413652285e-07
948000000,3.285292109467264e-07
949000000,3.112565423180058e-07
47000000,3.179114571594255e-07
51000000,3.105209316345281e-07
54000000,3.0685674801134155e-07
148000000,3.2404295779997483e-07
149000000,3.052245460821723e-07
152000000,3.045491610009776e-07
247000000,3.141424258501502e-07
247000000,3.0343650792019616e-07
247000000,3.0343650792019616e-07
347000000,3.043567744498432e-07
348000000,3.141422553198936e-07
349000000,3.141422553198936e-07
447000000,3.0343650792019616e-07
451000000,3.043567744498432e-07
546000000,3.141422553198936e-07
550000000,3.0343650792019616e-07
552000000,3.0343650792019616e-07
647000000,3.043567744498432e-07
648000000,3.141422553198936e-07
650000000,3.0343650792019616e-07
748000000,3.043567744498432e-07
748000000,3.043567744498432e-07
847000000,3.141422553198936e-07
848000000,3.0343650792019616e-07
851000000,3.0343650792019616e-07
947000000,3.043567744498432e-07
947000000,3.141422553198936e-07
953000000,3.141422553198936e-07
47000000,3.0343650792019616e-07
47000000,3.043567744498432e-07
47000000,3.043567744498432e-07
148000000,3.141422553198936e-07
149000000,3.0343650792019616e-07
247000000,3.043567744498432e-07
248000000,3.141422553198936e-07
250000000,3.141422553198936e-07
347000000,3.0343650792019616e-07
350000000,3.043567744498432e-07
448000000,3.141422553198936e-07
448000000,3.0343650792019616e-07
451000000,3.0343650792019616e-07
547000000,3.043567744498432e-07
548000000,3.141422553198936e-07
647000000,3.141422553198936e-07
748000000,3.0343650792019616e-07
748000000,3.043567744498432e-07
847000000,3.043567744498432e-07
849000000,3.141422553198936e-07
947000000,3.0343650792019616e-07
949000000,3.141422553198936e-07
48000000,3.0343650792019616e-07
51000000,3.0343650792019616e-07
51000000,3.043567744498432e-07
147000000,3.141422553198936e-07
148000000,3.0343650792019616e-07
149000000,3.141422553198936e-07
249000000,3.0343650792019616e-07
249000000,3.043567744498432e-07
250000000,3.141422553198936e-07
347000000,3.0343650792019616e-07
349000000,3.141422553198936e-07
447000000,3.0343650792019616e-07
448000000,3.043567744498432e-07
449000000,3.141422553198936e-07
547000000,3.0343650792019616e-07
548000000,3.141422553198936e-07
647000000,3.141422553198936e-07
647000000,3.043567744498432e-07
744000000,3.043567744498432e-07
751000000,3.141422553198936e-07
848000000,3.141422553198936e-07
945000000,3.043567744498432e-07
948000000,3.0343650792019616e-07
47000000,3.0343650792019616e-07
53000000,3.0343650792019616e-07
147000000,3.043567744498432e-07
147000000,3.141422553198936e-07
150000000,3.141422553198936e-07
247000000,3.0343650792019616e-07
247000000,3.0343650792019616e-07
347000000,3.043567744498432e-07
349000000,3.141422553198936e-07
350000000,3.141422553198936e-07
446000000,3.0343650792019616e-07
447000000,3.043567744498432e-07
447000000,3.141422553198936e-07
547000000,3.0343650792019616e-07
548000000,3.043567744498432e-07
549000000,3.043567744498432e-07
648000000,3.141422553198936e-07
648000000,3.0343650792019616e-07
652000000,3.0343650792019616e-07
747000000,3.043567744498432e-07
747000000,3.141422553198936e-07
749000000,3.043567744498432e-07
848000000,3.141422553198936e-07
850000000,3.0343650792019616e-07
851000000,3.043567744498432e-07
948000000,3.141422553198936e-07
949000000,3.0343650792019616e-07
950000000,3.141422553198936e-07
47000000,3.0343650792019616e-07
48000000,3.043567744498432e-07
51000000,3.141422553198936e-07
147000000,3.0343650792019616e-07
149000000,3.043567744498432e-07
150000000,3.043567744498432e-07
248000000,3.141422553198936e-07
252000000,3.0343650792019616e-07
252000000,3.141422553198936e-07
349000000,3.0343650792019616e-07
353000000,3.043567744498432e-07
354000000,3.043567744498432e-07
448000000,3.141422553198936e-07
451000000,3.0343650792019616e-07
454000000,3.0343650792019616e-07
548000000,3.043567744498432e-07
548000000,3.141422553198936e-07
556000000,3.141422553198936e-07
647000000,3.0343650792019616e-07
647000000,3.043567744498432e-07
651000000,3.043567744498432e-07
748000000,3.141422553198936e-07
752000000,3.0343650792019616e-07
754000000,3.043567744498432e-07
847000000,3.141422553198936e-07
847000000,3.0343650792019616e-07
855000000,3.141422553198936e-07
947000000,3.0343650792019616e-07
949000000,3.043567744498432e-07
954000000,3.043567744498432e-07
47000000,3.141422553198936e-07
49000000,3.0343650792019616e-07
52000000,3.0343650792019616e-07
147000000,3.043567744498432e-07
149000000,3.141422553198936e-07
152000000,3.141422553198936e-07
247000000,3.0343650792019616e-07
250000000,3.043567744498432e-07
348000000,3.141422553198936e-07
348000000,3.043567744498432e-07
447000000,3.141422553198936e-07
449000000,3.0343650792019616e-07
454000000,3.0343650792019616e-07
547000000,3.043567744498432e-07
549000000,3.141422553198936e-07
550000000,3.0343650792019616e-07
646000000,3.043567744498432e-07
650000000,3.141422553198936e-07
650000000,3.0343650792019616e-07
749000000,3.043567744498432e-07
750000000,3.141422553198936e-07
847000000,3.0343650792019616e-07
849000000,3.043567744498432e-07
852000000,3.043567744498432e-07
947000000,3.141422553198936e-07
952000000,3.043567744498432e-07
48000000,3.141422553198936e-07
50000000,3.0343650792019616e-07
52000000,3.141422553198936e-07
148000000,3.0343650792019616e-07
151000000,3.043567744498432e-07
152000000,3.043567744498432e-07
247000000,3.141422553198936e-07
249000000,3.0343650792019616e-07
252000000,3.0343650792019616e-07
347000000,3.043567744498432e-07
348000000,3.141422553198936e-07
352000000,3.0343650792019616e-07
449000000,3.043567744498432e-07
451000000,3.141422553198936e-07
455000000,3.141422553198936e-07
547000000,3.0343650792019616e-07
548000000,3.0343650792019616e-07
647000000,3.043567744498432e-07
649000000,3.141422553198936e-07
650000000,3.141422553198936e-07
747000000,3.0343650792019616e-07
748000000,3.043567744498432e-07
751000000,3.043567744498432e-07
848000000,3.141422553198936e-07
851000000,3.0343650792019616e-07
854000000,3.043567744498432e-07
949000000,3.141422553198936e-07
954000000,3.0343650792019616e-07
957000000,3.0343650792019616e-07
47000000,3.043567744498432e-07
49000000,3.043567744498432e-07
147000000,3.141422553198936e-07
149000000,3.0343650792019616e-07
150000000,3.0343650792019616e-07
247000000,3.043567744498432e-07
249000000,3.141422553198936e-07
253000000,3.141422553198936e-07
348000000,3.0343650792019616e-07
348000000,3.043567744498432e-07
351000000,3.141422553198936e-07
448000000,3.0343650792019616e-07
448000000,3.043567744498432e-07
451000000,3.141422553198936e-07
547000000,3.0343650792019616e-07
550000000,3.043567744498432e-07
551000000,3.141422553198936e-07
648000000,3.0343650792019616e-07
649000000,3.043567744498432e-07
651000000,3.043567744498432e-07
747000000,3.141422553198936e-07
751000000,3.0343650792019616e-07
752000000,3.043567744498432e-07
847000000,3.141422553198936e-07
849000000,3.0343650792019616e-07
854000000,3.141422553198936e-07
947000000,3.0343650792019616e-07
949000000,3.043567744498432e-07
951000000,3.043567744498432e-07
48000000,3.141422553198936e-07
50000000,3.0343650792019616e-07
52000000,3.043567744498432e-07
147000000,3.141422553198936e-07
149000000,3.0343650792019616e-07
151000000,3.141422553198936e-07
247000000,3.0343650792019616e-07
248000000,3.043567744498432e-07
248000000,3.043567744498432e-07
348000000,3.141422553198936e-07
350000000,3.0343650792019616e-07
354000000,3.0343650792019616e-07
448000000,3.043567744498432e-07
449000000,3.141422553198936e-07
547000000,3.0343650792019616e-07
549000000,3.043567744498432e-07
551000000,3.141422553198936e-07
647000000,3.0343650792019616e-07
649000000,3.043567744498432e-07
650000000,3.0343650792019616e-07
747000000,3.043567744498432e-07
749000000,3.141422553198936e-07
749000000,3.0343650792019616e-07
847000000,3.043567744498432e-07
849000000,3.141422553198936e-07
849000000,3.0343650792019616e-07
947000000,3.043567744498432e-07
948000000,3.141422553198936e-07
949000000,3.0343650792019616e-07
47000000,3.043567744498432e-07
50000000,3.141422553198936e-07
50000000,3.141422553198936e-07
148000000,3.0343650792019616e-07
151000000,3.043567744498432e-07
156000000,3.141422553198936e-07
247000000,3.0343650792019616e-07
250000000,3.043567744498432e-07
255000000,3.043567744498432e-07
348000000,3.141422553198936e-07
350000000,3.0343650792019616e-07
352000000,3.141422553198936e-07
449000000,3.0343650792019616e-07
451000000,3.043567744498432e-07
453000000,3.043567744498432e-07
549000000,3.141422553198936e-07
552000000,3.043567744498432e-07
647000000,3.141422553198936e-07
650000000,3.0343650792019616e-07
652000000,3.141422553198936e-07
748000000,3.0343650792019616e-07
749000000,3.043567744498432e-07
752000000,3.043567744498432e-07
847000000,3.141422553198936e-07
851000000,3.0343650792019616e-07
947000000,3.043567744498432e-07
949000000,3.043567744498432e-07
51000000,3.141422553198936e-07
53000000,3.0343650792019616e-07
55000000,3.043567744498432e-07
147000000,3.141422553198936e-07
151000000,3.0343650792019616e-07
152000000,3.0343650792019616e-07
246000000,3.043567744498432e-07
250000000,3.141422553198936e-07
251000000,3.0343650792019616e-07
348000000,3.043567744498432e-07
351000000,3.141422553198936e-07
354000000,3.141422553198936e-07
447000000,3.0343650792019616e-07
451000000,3.043567744498432e-07
454000000,3.0343650792019616e-07
549000000,3.043567744498432e-07
549000000,3.0343650792019616e-07
647000000,3.043567744498432e-07
647000000,3.141422553198936e-07
647000000,3.141422553198936e-07
748000000,3.0343650792019616e-07
751000000,3.043567744498432e-07
848000000,3.141422553198936e-07
849000000,3.0343650792019616e-07
852000000,3.141422553198936e-07
947000000,3.0343650792019616e-07
949000000,3.043567744498432e-07
951000000,3.043567744498432e-07
48000000,3.141422553198936e-07
50000000,3.141422553198936e-07
56000000,3.0343650792019616e-07
147000000,3.043567744498432e-07
151000000,3.141422553198936e-07
157000000,3.0343650792019616e-07
247000000,3.043567744498432e-07
249000000,3.0343650792019616e-07
347000000,3.043567744498432e-07
349000000,3.141422553198936e-07
349000000,3.0343650792019616e-07
448000000,3.043567744498432e-07
452000000,3.0343650792019616e-07
457000000,3.141422553198936e-07
547000000,3.0343650792019616e-07
548000000,3.141422553198936e-07
647000000,3.0343650792019616e-07
651000000,3.043567744498432e-07
651000000,3.043567744498432e-07
747000000,3.141422553198936e-07
749000000,3.0343650792019616e-07
754000000,3.0343650792019616e-07
848000000,3.043567744498432e-07
850000000,3.141422553198936e-07
853000000,3.0343650792019616e-07
947000000,3.043567744498432e-07
949000000,3.141422553198936e-07
951000000,3.0343650792019616e-07
47000000,3.043567744498432e-07
51000000,3.141422553198936e-07
53000000,3.141422553198936e-07
148000000,3.0343650792019616e-07
151000000,3.043567744498432e-07
152000000,3.141422553198936e-07
247000000,3.0343650792019616e-07
248000000,3.043567744498432e-07
250000000,3.043567744498432e-07
348000000,3.141422553198936e-07
349000000,3.0343650792019616e-07
353000000,3.141422553198936e-07
447000000,3.0343650792019616e-07
452000000,3.043567744498432e-07
455000000,3.043567744498432e-07
547000000,3.141422553198936e-07
548000000,3.0343650792019616e-07
553000000,3.141422553198936e-07
648000000,3.0343650792019616e-07
662000000,3.043567744498432e-07
665000000,3.141422553198936e-07
747000000,3.0343650792019616e-07
749000000,3.043567744498432e-07
752000000,3.043567744498432e-07
848000000,3.141422553198936e-07
850000000,3.043567744498432e-07
947000000,3.141422553198936e-07
948000000,3.141422553198936e-07
48000000,3.0343650792019616e-07
49000000,3.043567744498432e-07
51000000,3.043567744498432e-07
147000000,3.141422553198936e-07
147000000,3.0343650792019616e-07
147000000,3.0343650792019616e-07
248000000,3.043567744498432e-07
250000000,3.0343650792019616e-07
347000000,3.043567744498432e-07
347000000,3.0343650792019616e-07
447000000,3.043567744498432e-07
451000000,3.141422553198936e-07
453000000,3.0343650792019616e-07
547000000,3.043567744498432e-07
549000000,3.0343650792019616e-07
550000000,3.0343650792019616e-07
648000000,3.043567744498432e-07
650000000,3.141422553198936e-07
652000000,3.141422553198936e-07
747000000,3.0343650792019616e-07
749000000,3.043567744498432e-07
751000000,3.0343650792019616e-07
847000000,3.043567744498432e-07
850000000,3.141422553198936e-07
852000000,3.141422553198936e-07
947000000,3.0343650792019616e-07
951000000,3.043567744498432e-07
953000000,3.141422553198936e-07
47000000,3.0343650792019616e-07
48000000,3.043567744498432e-07
53000000,3.0343650792019616e-07
148000000,3.043567744498432e-07
150000000,3.141422553198936e-07
152000000,3.141422553198936e-07
247000000,3.0343650792019616e-07
250000000,3.043567744498432e-07
255000000,3.141422553198936e-07
347000000,3.0343650792019616e-07
349000000,3.043567744498432e-07
351000000,3.0343650792019616e-07
447000000,3.043567744498432e-07
448000000,3.141422553198936e-07
452000000,3.141422553198936e-07
548000000,3.0343650792019616e-07
549000000,3.043567744498432e-07
552000000,3.141422553198936e-07
648000000,3.0343650792019616e-07
650000000,3.0343650792019616e-07
747000000,3.043567744498432e-07
749000000,3.141422553198936e-07
751000000,3.141422553198936e-07
848000000,3.0343650792019616e-07
850000000,3.043567744498432e-07
852000000,3.141422553198936e-07
947000000,3.0343650792019616e-07
949000000,3.043567744498432e-07
953000000,3.0343650792019616e-07
47000000,3.043567744498432e-07
50000000,3.141422553198936e-07
52000000,3.141422553198936e-07
147000000,3.0343650792019616e-07
149000000,3.043567744498432e-07
150000000,3.043567744498432e-07
247000000,3.141422553198936e-07
250000000,3.0343650792019616e-07
347000000,3.043567744498432e-07
351000000,3.141422553198936e-07
354000000,3.0343650792019616e-07
447000000,3.043567744498432e-07
449000000,3.141422553198936e-07
453000000,3.141422553198936e-07
545000000,3.0343650792019616e-07
550000000,3.043567744498432e-07
550000000,3.0343650792019616e-07
648000000,3.043567744498432e-07
649000000,3.0343650792019616e-07
653000000,3.0343650792019616e-07
748000000,3.043567744498432e-07
750000000,3.141422553198936e-07
752000000,3.0343650792019616e-07
847000000,3.043567744498432e-07
850000000,3.141422553198936e-07
853000000,3.0343650792019616e-07
948000000,3.043567744498432e-07
951000000,3.141422553198936e-07
954000000,3.0343650792019616e-07
46000000,3.043567744498432e-07
49000000,3.141422553198936e-07
52000000,3.141422553198936e-07
149000000,3.0343650792019616e-07
149000000,3.043567744498432e-07
151000000,3.0343650792019616e-07
247000000,3.043567744498432e-07
249000000,3.0343650792019616e-07
347000000,3.043567744498432e-07
349000000,3.141422553198936e-07
354000000,3.141422553198936e-07
447000000,3.0343650792019616e-07
450000000,3.043567744498432e-07
453000000,3.043567744498432e-07
549000000,3.141422553198936e-07
549000000,3.0343650792019616e-07
553000000,3.0343650792019616e-07
648000000,3.043567744498432e-07
649000000,3.141422553198936e-07
652000000,3.0343650792019616e-07
747000000,3.043567744498432e-07
748000000,3.141422553198936e-07
750000000,3.0343650792019616e-07
848000000,3.043567744498432e-07
849000000,3.0343650792019616e-07
948000000,3.043567744498432e-07
949000000,3.141422553198936e-07
951000000,3.141422553198936e-07
52000000,3.0343650792019616e-07
54000000,3.043567744498432e-07
55000000,3.043567744498432e-07
148000000,3.141422553198936e-07
150000000,3.0343650792019616e-07
153000000,3.141422553198936e-07
247000000,3.0343650792019616e-07
249000000,3.0343650792019616e-07
347000000,3.043567744498432e-07
348000000,3.141422553198936e-07
351000000,3.0343650792019616e-07
449000000,3.043567744498432e-07
451000000,3.141422553198936e-07
452000000,3.0343650792019616e-07
546000000,3.043567744498432e-07
548000000,3.141422553198936e-07
553000000,3.043567744498432e-07
646000000,3.141422553198936e-07
649000000,3.0343650792019616e-07
747000000,3.043567744498432e-07
749000000,3.141422553198936e-07
752000000,3.141422553198936e-07
847000000,3.0343650792019616e-07
848000000,3.043567744498432e-07
850000000,3.043567744498432e-07
947000000,3.141422553198936e-07
949000000,3.0343650792019616e-07
950000000,3.0343650792019616e-07
48000000,3.043567744498432e-07
50000000,3.0343650792019616e-07
147000000,3.043567744498432e-07
151000000,3.141422553198936e-07
153000000,3.0343650792019616e-07
248000000,3.043567744498432e-07
250000000,3.141422553198936e-07
250000000,3.0343650792019616e-07
347000000,3.043567744498432e-07
347000000,3.141422553198936e-07
352000000,3.141422553198936e-07
447000000,3.0343650792019616e-07
450000000,3.043567744498432e-07
455000000,3.043567744498432e-07
549000000,3.141422553198936e-07
552000000,3.043567744498432e-07
555000000,3.043567744498432e-07
648000000,3.141422553198936e-07
659000000,3.0343650792019616e-07
661000000,3.0343650792019616e-07
747000000,3.043567744498432e-07
750000000,3.141422553198936e-07
752000000,3.043567744498432e-07
847000000,3.141422553198936e-07
850000000,3.0343650792019616e-07
948000000,3.043567744498432e-07
951000000,3.141422553198936e-07
953000000,3.043567744498432e-07
47000000,3.141422553198936e-07
48000000,3.0343650792019616e-07
48000000,3.043567744498432e-07
148000000,3.141422553198936e-07
151000000,3.0343650792019616e-07
154000000,3.0343650792019616e-07
247000000,3.043567744498432e-07
250000000,3.141422553198936e-07
252000000,3.0343650792019616e-07
348000000,3.043567744498432e-07
350000000,3.043567744498432e-07
447000000,3.141422553198936e-07
450000000,3.0343650792019616e-07
450000000,3.0343650792019616e-07
547000000,3.043567744498432e-07
551000000,3.141422553198936e-07
554000000,3.0343650792019616e-07
647000000,3.043567744498432e-07
650000000,3.141422553198936e-07
652000000,3.0343650792019616e-07
747000000,3.043567744498432e-07
751000000,3.0343650792019616e-07
754000000,3.0343650792019616e-07
847000000,3.043567744498432e-07
853000000,3.141422553198936e-07
857000000,3.141422553198936e-07
347000000,2.115539473379613e-06
349000000,2.1218515939835925e-06
447000000,2.11229075830488e-06
449000000,2.0934294298058376e-06
548000000,2.0887109712930396e-06
551000000,2.0456732272577938e-06
647000000,2.03964373213239e-06
649000000,2.0278016563679557e-06
652000000,1.995530055864947e-06
749000000,1.9841097582684597e-06
754000000,1.959077508217888e-06
847000000,1.9458468614175217e-06
861000000,1.917946519824909e-06
862000000,1.8712249811869697e-06
948000000,1.8544758404459571e-06
948000000,1.8368228893450578e-06
948000000,1.7844546391643235e-06
48000000,1.7696143004286569e-06
51000000,1.6965949498626287e-06
147000000,1.6822452835185686e-06
149000000,1.6303250731652952e-06
243000000,1.6243313893937739e-06
249000000,1.6050693147917627e-06
252000000,1.5591658666380681e-06
347000000,1.5518470490860636e-06
350000000,1.5264490684785414e-06
353000000,1.4847961438135826e-06
447000000,1.4745952512384974e-06
449000000,1.4447344938162132e-06
547000000,1.4178906440065475e-06
551000000,1.43121428664017e-06
554000000,1.3938572465121979e-06
647000000,1.3509080645235372e-06
648000000,1.4702125099574914e-06
649000000,1.5100346217877814e-06
749000000,1.4497969686999568e-06
749000000,1.3831480600856594e-06
750000000,1.3868907444702927e-06
847000000,1.3868907444702927e-06
848000000,1.3868907444702927e-06
855000000,1.3868907444702927e-06
948000000,1.3868907444702927e-06
950000000,1.3868907444702927e-06
954000000,1.3868907444702927e-06
50000000,1.3868907444702927e-06
53000000,1.3868907444702927e-06
147000000,1.3868907444702927e-06
152000000,1.3868907444702927e-06
155000000,1.3868907444702927e-06
247000000,1.3868907444702927e-06
249000000,1.3868907444702927e-06
251000000,1.3868907444702927e-06
347000000,1.3868907444702927e-06
347000000,1.3868907444702927e-06
349000000,1.3868907444702927e-06
447000000,1.3868907444702927e-06
449000000,1.3868907444702927e-06
548000000,1.3868907444702927e-06
548000000,1.3868907444702927e-06
647000000,1.3868907444702927e-06
647000000,1.3868907444702927e-06
747000000,1.3868907444702927e-06
749000000,1.3868907444702927e-06
751000000,1.3868907444702927e-06
849000000,1.3868907444702927e-06
849000000,1.3868907444702927e-06
949000000,1.3868907444702927e-06
950000000,1.3868907444702927e-06
47000000,1.3868907444702927e-06
51000000,1.3868907444702927e-06
148000000,1.3868907444702927e-06
148000000,1.3868907444702927e-06
247000000,1.3868907444702927e-06
250000000,1.3868907444702927e-06
251000000,1.3868907444702927e-06
347000000,1.3868907444702927e-06
348000000,1.3868907444702927e-06
350000000,1.3868907444702927e-06
447000000,1.3868907444702927e-06
451000000,1.3868907444702927e-06
453000000,1.3868907444702927e-06
547000000,1.3868907444702927e-06
551000000,1.3868907444702927e-06
551000000,1.3868907444702927e-06
647000000,1.3868907444702927e-06
649000000,1.3868907444702927e-06
650000000,1.3868907444702927e-06
747000000,1.3868907444702927e-06
748000000,1.3868907444702927e-06
751000000,1.3868907444702927e-06
849000000,1.3868907444702927e-06
851000000,1.3868907444702927e-06
947000000,1.3868907444702927e-06
949000000,1.3868907444702927e-06
952000000,1.3868907444702927e-06
47000000,1.3868907444702927e-06
50000000,1.3868907444702927e-06
148000000,1.3868907444702927e-06
150000000,1.3868907444702927e-06
247000000,1.3868907444702927e-06
249000000,1.3868907444702927e-06
253000000,1.3868907444702927e-06
347000000,1.3868907444702927e-06
350000000,1.3868907444702927e-06
354000000,1.3868907444702927e-06
447000000,1.3868907444702927e-06
448000000,1.3868907444702927e-06
450000000,1.3868907444702927e-06
547000000,1.3868907444702927e-06
560000000,1.3868907444702927e-06
647000000,1.3868907444702927e-06
648000000,1.3868907444702927e-06
651000000,1.3868907444702927e-06
747000000,1.3868907444702927e-06
750000000,1.3868907444702927e-06
847000000,1.3868907444702927e-06
849000000,1.3868907444702927e-06
849000000,1.3868907444702927e-06
948000000,1.3868907444702927e-06
950000000,1.3868907444702927e-06
955000000,1.3868907444702927e-06
47000000,1.3868907444702927e-06
50000000,1.3868907444702927e-06
53000000,1.3868907444702927e-06
147000000,1.3868907444702927e-06
151000000,1.3868907444702927e-06
153000000,1.3868907444702927e-06
247000000,1.3868907444702927e-06
249000000,1.3868907444702927e-06
251000000,1.3868907444702927e-06
348000000,1.3868907444702927e-06
350000000,1.3868907444702927e-06
353000000,1.3868907444702927e-06
448000000,1.3868907444702927e-06
451000000,1.3868907444702927e-06
453000000,1.3868907444702927e-06
550000000,1.3868907444702927e-06
552000000,1.3868907444702927e-06
647000000,1.3868907444702927e-06
649000000,1.3868907444702927e-06
653000000,1.3868907444702927e-06
748000000,1.3868907444702927e-06
750000000,1.3868907444702927e-06
752000000,1.3868907444702927e-06
848000000,1.3868907444702927e-06
848000000,1.3868907444702927e-06
948000000,1.3868907444702927e-06
951000000,1.3868907444702927e-06
954000000,1.3868907444702927e-06
47000000,1.3868907444702927e-06
52000000,1.3868907444702927e-06
52000000,1.3868907444702927e-06
148000000,1.3868907444702927e-06
149000000,1.3868907444702927e-06
152000000,1.3868907444702927e-06
248000000,1.3868907444702927e-06
250000000,1.3868907444702927e-06
254000000,3.546998357251141e-07
349000000,5.301452610240176e-09
352000000,1.3814059229844133e-06
447000000,1.333786713075824e-06
449000000,1.3476534377332428e-06
452000000,1.363189767289441e-06
547000000,1.351447167508013e-06
550000000,1.3727608347835485e-06
552000000,1.3602656281364034e-06
648000000,1.369076585433504e-06
652000000,1.370150243928947e-06
654000000,1.3502805131793139e-06
748000000,1.3744024727202486e-06
752000000,1.386775011269492e-06
848000000,1.3837573078490095e-06
849000000,1.3728064232054749e-06
850000000,1.3693189657715266e-06
947000000,1.3824761708747246e-06
949000000,1.3935796232544817e-06
951000000,1.3848342632627464e-06
48000000,1.3812004908686504e-06
50000000,2.2089182039053412e-06
148000000,3.3431738302169833e-06
151000000,3.3846611131593818e-06
152000000,3.3088338113884674e-06
247000000,3.2771547466836637e-06
249000000,3.254959892728948e-06
252000000,3.1335030143964104e-06
352000000,3.108210876234807e-06
354000000,3.0667285955132684e-06
358000000,2.9521650048991432e-06
447000000,2.9239081413834356e-06
448000000,2.8845863653259585e-06
453000000,2.7939543087995844e-06
547000000,2.8073066005163128e-06
551000000,2.7326909730618354e-06
554000000,2.697707941479166e-06
647000000,2.691263716769754e-06
650000000,2.6832767616724595e-06
653000000,2.6736647669167724e-06
747000000,2.5888778054650174e-06
748000000,2.5863250812108163e-06
750000000,6.06420508120209e-06
848000000,6.001700512570096e-06
849000000,5.919893283135025e-06
849000000,5.7468491831969e-06
947000000,5.8680775509856176e-06
950000000,5.7363431551493704e-06
953000000,5.7282118177681696e-06
47000000,5.648287697113119e-06
48000000,5.614183919533389e-06
51000000,5.544621672015637e-06
146000000,5.675564807461342e-06
146000000,5.4558622650802135e-06
154000000,5.4201227612793446e-06
248000000,5.3329113143263385e-06
249000000,5.266609150567092e-06
348000000,5.348413196770707e-06
351000000,5.194347522774478e-06
352000000,5.253595190879423e-06
448000000,5.2141417654638644e-06
450000000,5.144806436874205e-06
452000000,5.090532340545906e-06
547000000,5.18503748025978e-06
561000000,3.2478583307238296e-05
564000000,4.789815193362301e-06
647000000,4.742085366160609e-06
650000000,4.7443977564398665e-06
652000000,4.155490842094878e-06
748000000,2.9813836590619758e-06
751000000,1.4885415566823212e-06
753000000,2.810197372582479e-07
847000000,9.514485554973362e-08
851000000,1.7901489002269955e-07
854000000,1.7683279907032556e-07
947000000,1.0900880198505547e-07
951000000,1.3390081221587025e-07
952000000,1.3608547533294768e-07
47000000,1.4282380789154558e-07
51000000,9.576243087394687e-08
53000000,2.203467062145137e-07
149000000,2.248159916007353e-07
151000000,7.237822785555181e-08
154000000,2.0315218307587202e-07
247000000,1.1101769104016057e-07
249000000,2.1601921673664037e-07
250000000,1.3324105907486228e-07
347000000,1.2878790300874243e-07
348000000,2.0682203683008993e-07
447000000,1.3857341230050224e-07
450000000,1.952581385467056e-07
453000000,1.2609916666406207e-07
551000000,1.5816084442121792e-07
553000000,1.8813535973549733e-07
555000000,1.8806973400842253e-07
647000000,1.8315215299935517e-07
648000000,1.7071116076294857e-07
650000000,2.0866677630237973e-07
749000000,1.8215975217117375e-07
751000000,2.282790632079923e-07
847000000,2.2840421820546908e-07
851000000,2.559052347805846e-07
854000000,3.1866161975813156e-07
948000000,2.6140864406443143e-07
951000000,1.632638060300451e-07
955000000,1.9916143401133013e-07
47000000,2.90443722406053e-07
50000000,2.4234759621322155e-07
52000000,2.391028317560995e-07
151000000,2.4278620003315154e-07
154000000,2.5509999090900237e-07
172000000,2.583704201697401e-07
247000000,2.574931272647518e-07
251000000,2.683118509594351e-07
254000000,2.5914849288710684e-07
348000000,2.787929247460852e-07
350000000,2.860675749616348e-07
353000000,2.92581802341374e-07
448000000,2.679512078884727e-07
449000000,3.140097248888196e-07
449000000,2.9436202453325677e-07
547000000,3.068827822971798e-07
549000000,2.813935395806766e-07
553000000,3.036016380519868e-07
645000000,2.907360396875447e-07
652000000,3.046356198410649e-07
748000000,3.075575136790576e-07
751000000,3.042199239189358e-07
755000000,2.829429774919845e-07
848000000,2.971362391690491e-07
852000000,3.0485935553770105e-07
953000000,3.136307213935652e-07
954000000,3.149253586798295e-07
47000000,3.240578791974258e-07
49000000,3.1622232654626714e-07
52000000,3.176074585553579e-07
148000000,3.281987801528885e-07
150000000,3.227106333270058e-07
151000000,3.220395683456445e-07
248000000,3.315360004307877e-07
250000000,3.235619772112841e-07
253000000,3.3768893104024755e-07
347000000,3.301168192137993e-07
352000000,3.4036600027320674e-07
354000000,3.313976435492805e-07
447000000,3.3059751558539574e-07
447000000,3.4080974842254363e-07
450000000,3.22468167723855e-07
547000000,3.4821010785890394e-07
550000000,3.333026086238533e-07
551000000,3.325068860249303e-07
648000000,3.4194377462881675e-07
652000000,3.310258875899308e-07
658000000,3.2789415627121343e-07
748000000,3.3758107065295917e-07
750000000,3.352369901676866e-07
752000000,3.2230340707428695e-07
847000000,3.2177925390897144e-07
850000000,3.3139960464723117e-07
851000000,3.1594075267094013e-07
948000000,3.160039341310039e-07
951000000,3.0419565177908225e-07
954000000,3.2238398262052215e-07
47000000,3.089500069108908e-07
49000000,3.076926873291086e-07
52000000,3.0303098697004316e-07
147000000,3.014366143361258e-07
148000000,3.096654097589635e-07
151000000,3.0565064434995293e-07
247000000,2.9204912266322935e-07
250000000,2.91566976784452e-07
251000000,2.9513844879147655e-07
347000000,2.8209348101881915e-07
348000000,2.8476523539211485e-07
348000000,2.654417130543152e-07
444000000,2.67031822431818e-07
448000000,2.663280156411929e-07
451000000,2.7807354285869224e-07
547000000,2.891365227242204e-07
550000000,2.769184561657312e-07
554000000,2.778342036435788e-07
647000000,3.037509088699153e-07
661000000,2.7691825721376517e-07
664000000,2.7691825721376517e-07
746000000,2.778342036435788e-07
749000000,2.8867680157418363e-07
752000000,2.7691825721376517e-07
847000000,2.778342036435788e-07
848000000,2.8867680157418363e-07
850000000,2.7691825721376517e-07
947000000,2.778342036435788e-07
948000000,2.8867680157418363e-07
951000000,2.7691825721376517e-07
48000000,2.778342036435788e-07
49000000,2.8867680157418363e-07
53000000,2.7691825721376517e-07
153000000,2.778342036435788e-07
154000000,2.8867680157418363e-07
248000000,2.7691825721376517e-07
252000000,2.778342036435788e-07
253000000,2.7691825721376517e-07
348000000,2.778342036435788e-07
349000000,2.8867680157418363e-07
354000000,2.7691825721376517e-07
448000000,2.778342036435788e-07
449000000,2.8867680157418363e-07
454000000,2.8867680157418363e-07
548000000,2.7691825721376517e-07
549000000,2.778342036435788e-07
551000000,2.7691825721376517e-07
647000000,2.778342036435788e-07
648000000,2.8867680157418363e-07
648000000,2.8867680157418363e-07
747000000,2.7691825721376517e-07
751000000,2.778342036435788e-07
754000000,2.8867680157418363e-07
847000000,2.7691825721376517e-07
849000000,2.778342036435788e-07
851000000,2.778342036435788e-07
947000000,2.8867680157418363e-07
947000000,2.7691825721376517e-07
47000000,2.778342036435788e-07
50000000,2.778342036435788e-07
150000000,2.8867680157418363e-07
151000000,2.778342036435788e-07
247000000,2.8867680157418363e-07
248000000,2.7691825721376517e-07
248000000,2.7691825721376517e-07
349000000,2.778342036435788e-07
351000000,2.8867680157418363e-07
352000000,2.778342036435788e-07
448000000,2.8867680157418363e-07
449000000,2.7691825721376517e-07
451000000,2.7691825721376517e-07
547000000,2.778342036435788e-07
550000000,2.8867680157418363e-07
552000000,2.7691825721376517e-07
646000000,2.778342036435788e-07
648000000,2.8867680157418363e-07
649000000,2.8867680157418363e-07
747000000,2.7691825721376517e-07
747000000,2.778342036435788e-07
749000000,2.7691825721376517e-07
847000000,2.778342036435788e-07
847000000,2.8867680157418363e-07
848000000,2.7691825721376517e-07
947000000,2.778342036435788e-07
948000000,2.8867680157418363e-07
48000000,2.7691825721376517e-07
49000000,2.778342036435788e-07
52000000,2.778342036435788e-07
149000000,2.8867680157418363e-07
151000000,2.7691825721376517e-07
152000000,2.7691825721376517e-07
248000000,2.778342036435788e-07
249000000,2.778342036435788e-07
351000000,2.8867680157418363e-07
352000000,2.8867680157418363e-07
353000000,2.778342036435788e-07
447000000,2.8867680157418363e-07
450000000,2.7691825721376517e-07
451000000,2.7691825721376517e-07
547000000,2.778342036435788e-07
548000000,2.8867680157418363e-07
550000000,2.778342036435788e-07
647000000,2.8867680157418363e-07
647000000,2.7691825721376517e-07
647000000,2.778342036435788e-07
747000000,2.8867680157418363e-07
749000000,2.7691825721376517e-07
751000000,2.8867680157418363e-07
847000000,2.7691825721376517e-07
847000000,2.778342036435788e-07
854000000,2.8867680157418363e-07
948000000,2.7691825721376517e-07
951000000,2.778342036435788e-07
954000000,2.7691825721376517e-07
48000000,2.778342036435788e-07
51000000,2.7691825721376517e-07
147000000,2.778342036435788e-07
150000000,2.8867680157418363e-07
150000000,2.8867680157418363e-07
247000000,2.7691825721376517e-07
249000000,2.778342036435788e-07
251000000,2.778342036435788e-07
347000000,2.8867680157418363e-07
348000000,2.7691825721376517e-07
349000000,2.8867680157418363e-07
447000000,2.7691825721376517e-07
448000000,2.778342036435788e-07
448000000,2.8867680157418363e-07
547000000,2.7691825721376517e-07
547000000,2.8867680157418363e-07
551000000,2.778342036435788e-07
648000000,2.8867680157418363e-07
649000000,2.7691825721376517e-07
653000000,2.7691825721376517e-07
747000000,2.778342036435788e-07
749000000,2.8867680157418363e-07
750000000,2.8867680157418363e-07
848000000,2.7691825721376517e-07
848000000,2.778342036435788e-07
848000000,2.778342036435788e-07
947000000,2.8867680157418363e-07
947000000,2.7691825721376517e-07
952000000,2.7691825721376517e-07
49000000,2.778342036435788e-07
50000000,2.8867680157418363e-07
55000000,2.8867680157418363e-07
147000000,2.7691825721376517e-07
148000000,2.778342036435788e-07
153000000,2.7691825721376517e-07
247000000,2.778342036435788e-07
252000000,2.8867680157418363e-07
255000000,2.8867680157418363e-07
347000000,2.7691825721376517e-07
349000000,2.778342036435788e-07
351000000,2.778342036435788e-07
451000000,2.8867680157418363e-07
453000000,2.778342036435788e-07
548000000,2.8867680157418363e-07
550000000,2.7691825721376517e-07
553000000,2.778342036435788e-07
648000000,2.8867680157418363e-07
649000000,2.7691825721376517e-07
650000000,2.778342036435788e-07
748000000,2.9755949526588665e-07
750000000,3.4707554164015164e-07
753000000,5.650597358908271e-07
847000000,5.626949359793798e-07
848000000,5.429947691482084e-07
851000000,5.405219098975067e-07
947000000,5.546502279685228e-07
950000000,5.077055220681359e-07
952000000,4.7297331207118987e-07
47000000,4.711843359928025e-07
48000000,4.4655280362349004e-07
55000000,3.95048772361406e-07
148000000,3.9435030885215383e-07
150000000,3.449397638632945e-07
247000000,3.399702563910978e-07
249000000,3.2967167840070033e-07
251000000,3.152659928673529e-07
347000000,3.2887055567698553e-07
349000000,3.118649090083636e-07
351000000,3.199438367573748e-07
447000000,3.31244280005194e-07
449000000,3.2046978049038444e-07
451000000,3.3421017064938496e-07
548000000,3.23952434655439e-07
552000000,3.2548996387049556e-07
554000000,3.292449832770217e-07
647000000,3.4030244933092035e-07
650000000,3.3086001849369495e-07
654000000,3.298130764051166e-07
747000000,3.365663587828749e-07
750000000,3.311104137537768e-07
753000000,3.284686727056396e-07
848000000,3.460753816852957e-07
848000000,3.259209506722982e-07
848000000,3.329878381919116e-07
947000000,3.330201252538245e-07
949000000,3.326973398998234e-07
47000000,3.426476382628607e-07
50000000,3.321191286431713e-07
51000000,3.2935125204858196e-07
149000000,3.3836778356999275e-07
152000000,3.2669686333974823e-07
247000000,3.2460243915011233e-07
249000000,3.3312045388811384e-07
252000000,3.2426837037746736e-07
347000000,3.301097706298606e-07
348000000,3.2261368687613867e-07
352000000,3.276544475738774e-07
448000000,3.190838242517202e-07
450000000,3.2726998711041233e-07
453000000,3.1456923466066655e-07
547000000,3.204294500847027e-07
552000000,3.153735121941281e-07
554000000,2.8565003162839275e-07
648000000,3.1366647590402863e-07
650000000,3.075770393934363e-07
652000000,3.094097280609276e-07
748000000,2.942964272278914e-07
748000000,2.851390377145435e-07
851000000,2.901645359543181e-07
852000000,2.8090047976547794e-07
856000000,2.7623272558230383e-07
947000000,2.8196598123031436e-07
950000000,2.7328465534992574e-07
952000000,2.688323377242341e-07
48000000,2.729660195655015e-07
48000000,2.622498698201525e-07
51000000,2.8646786631725263e-07
147000000,2.5018027827172773e-07
150000000,2.3596501819156401e-07
151000000,2.489556436557905e-07
247000000,2.2364081075920694e-07
248000000,2.621066528263327e-07
250000000,2.0853495641404152e-07
347000000,2.7000126578968775e-07
350000000,2.0124315369685064e-07
353000000,2.3420602701662574e-07
447000000,3.017270557847951e-07
450000000,4.156533748300717e-07
452000000,1.8958893122089648e-07
549000000,2.4000920006983506e-07
550000000,1.936639364430448e-07
553000000,2.3395851656005107e-07
647000000,2.2136812560802355e-07
650000000,1.8319776984299097e-07
653000000,2.0636140618535137e-07
747000000,1.7873016133762576e-07
748000000,1.798269977371092e-07
749000000,1.9070168377766095e-07
847000000,1.9422056141138455e-07
848000000,1.9936449291435565e-07
853000000,1.6930071922161005e-07
948000000,1.6770503918905888e-07
950000000,1.571100227693023e-07
953000000,1.729262066874071e-07
48000000,1.702099439171434e-07
51000000,1.5122080299079244e-07
55000000,1.1590908144398782e-07
146000000,2.502275435745105e-07
149000000,1.4433450701289985e-07
152000000,1.308002310906886e-07
246000000,1.1689591161712087e-07
248000000,1.8261323475599056e-07
252000000,7.747669883428898e-08
347000000,1.2741246280256746e-07
350000000,1.8318766592528846e-07
354000000,2.518788733141264e-07
447000000,2.693846226975438e-06
450000000,4.708379492512904e-06
452000000,4.575268576445524e-06
547000000,4.63113656223868e-06
550000000,4.450262167665642e-06
553000000,4.3990589801978786e-06
647000000,4.36067284681485e-06
650000000,4.2807619138329756e-06
654000000,4.243814146320801e-06
747000000,4.24036124968552e-06
751000000,4.1729272197699174e-06
753000000,4.13350016970071e-06
756000000,4.089264621143229e-06
848000000,4.0547261050960515e-06
852000000,4.010594238934573e-06
855000000,3.969776116719004e-06
948000000,3.94690505345352e-06
951000000,4.007912593806395e-06
955000000,3.8002717701601796e-06
47000000,3.8057164601923432e-06
50000000,3.5941257010563277e-06
148000000,3.675308562378632e-06
153000000,4.815557076653931e-06
247000000,6.0509769355121534e-06
248000000,6.015805411152542e-06
248000000,5.733677426178474e-06
348000000,5.621234777208883e-06
350000000,5.503015472640982e-06
352000000,5.100272574054543e-06
447000000,4.933416221319931e-06
452000000,4.773919044964714e-06
453000000,4.238542715029325e-06
548000000,4.134865321248071e-06
550000000,3.999706223112298e-06
553000000,3.780184897550498e-06
648000000,3.6682731661130674e-06
649000000,3.1779377422935795e-06
747000000,3.0799910746281967e-06
750000000,2.984232878588955e-06
754000000,2.799400590447476e-06
847000000,2.6006746338680387e-06
850000000,2.5405295218661195e-06
851000000,2.3338077426160453e-06
948000000,2.3404793410009006e-06
952000000,2.2205642835615436e-06
953000000,2.5240910872526e-06
47000000,3.298073124824441e-06
49000000,3.3818184874689905e-06
52000000,3.2188615932682296e-06
148000000,3.1585784654453164e-06
152000000,3.0753801638638834e-06
155000000,2.807121063597151e-06
247000000,2.7741698431782424e-06
248000000,2.7154749204783e-06
252000000,2.569754315118189e-06
347000000,2.4866064904927043e-06
349000000,2.41848692894564e-06
351000000,2.2024205463822e-06
448000000,2.155187075914e-06
450000000,1.937809429364279e-06
547000000,1.9370349946257193e-06
550000000,1.909935235744342e-06
555000000,1.7234459619430709e-06
648000000,1.6468924286527908e-06
648000000,1.6486950471517048e-06
747000000,1.636846604924358e-06
753000000,1.4988094108048244e-06
848000000,1.3705276842301828e-06
851000000,1.3644369118992472e-06
855000000,1.3652518191520358e-06
948000000,1.3652518191520358e-06
950000000,1.3652518191520358e-06
952000000,1.3652518191520358e-06
48000000,1.3652518191520358e-06
50000000,1.3652518191520358e-06
54000000,1.3652518191520358e-06
147000000,1.3652518191520358e-06
149000000,1.3652518191520358e-06
151000000,1.3652518191520358e-06
248000000,1.3652518191520358e-06
252000000,1.3652518191520358e-06
253000000,1.3652518191520358e-06
348000000,1.3652518191520358e-06
349000000,1.3652518191520358e-06
447000000,1.3652518191520358e-06
448000000,1.3652518191520358e-06
547000000,1.3652518191520358e-06
548000000,1.3652518191520358e-06
553000000,1.3652518191520358e-06
647000000,1.3652518191520358e-06
650000000,1.3652518191520358e-06
747000000,1.3652518191520358e-06
750000000,1.3652518191520358e-06
752000000,1.3652518191520358e-06
847000000,1.3652518191520358e-06
847000000,1.3652518191520358e-06
850000000,1.3652518191520358e-06
948000000,1.3652518191520358e-06
951000000,1.3652518191520358e-06
952000000,1.3652518191520358e-06
48000000,1.3652518191520358e-06
50000000,1.3532605862565106e-06
147000000,1.3652518191520358e-06
151000000,1.3652518191520358e-06
153000000,1.3652518191520358e-06
249000000,1.3652518191520358e-06
250000000,1.3652518191520358e-06
347000000,1.3652518191520358e-06
349000000,1.3652518191520358e-06
355000000,1.3652518191520358e-06
347000000,3.2235760727417073e-07
351000000,3.1817626222618856e-07
448000000,3.225912905691075e-07
451000000,3.227425224849867e-07
554000000,3.225912905691075e-07
555000000,3.2288997431351163e-07
647000000,3.1836825087339093e-07
651000000,3.227425224849867e-07
653000000,3.225912905691075e-07
748000000,3.180559247084602e-07
751000000,3.227425224849867e-07
847000000,3.1817626222618856e-07
849000000,3.225912905691075e-07
849000000,3.0588532240471977e-07
948000000,3.227425224849867e-07
948000000,3.1817626222618856e-07
949000000,3.180559247084602e-07
46000000,3.2235760727417073e-07
50000000,3.1817626222618856e-07
52000000,3.225912905691075e-07
147000000,3.180559247084602e-07
149000000,3.2235760727417073e-07
152000000,3.2288997431351163e-07
247000000,3.1836825087339093e-07
249000000,3.2235760727417073e-07
347000000,3.2288997431351163e-07
351000000,3.180559247084602e-07
448000000,3.2235760727417073e-07
450000000,3.227425224849867e-07
547000000,3.1817626222618856e-07
552000000,3.225912905691075e-07
554000000,3.2288997431351163e-07
648000000,3.1836825087339093e-07
648000000,3.227425224849867e-07
651000000,3.2235760727417073e-07
747000000,3.2288997431351163e-07
748000000,3.225912905691075e-07
848000000,3.180559247084602e-07
849000000,3.2235760727417073e-07
856000000,3.2288997431351163e-07
947000000,3.1836825087339093e-07
948000000,3.227425224849867e-07
954000000,3.2235760727417073e-07
47000000,3.2288997431351163e-07
50000000,3.1836825087339093e-07
50000000,3.225912905691075e-07
147000000,3.180559247084602e-07
152000000,3.8416686720665894e-07
154000000,2.7784421945398208e-06
248000000,2.760881216090638e-06
248000000,2.7332041554473108e-06
253000000,2.7269475140201394e-06
348000000,2.725379545154283e-06
351000000,2.7144367322762264e-06
354000000,2.7101568775833584e-06
447000000,2.6926777536573354e-06
451000000,2.649203679538914e-06
546000000,2.6468903797649546e-06
548000000,2.6323643851355882e-06
551000000,2.594953002699185e-06
647000000,2.5865604129649e-06
650000000,2.570841388660483e-06
652000000,2.5330953121738276e-06
747000000,2.5193508008669596e-06
749000000,2.510748117856565e-06
751000000,2.4990779365907656e-06
847000000,2.4910332285799086e-06
847000000,2.4777853013802087e-06
851000000,2.442396407786873e-06
946000000,2.4293285605381243e-06
952000000,2.4226874302257784e-06
954000000,2.396418494754471e-06
47000000,2.3867062282079132e-06
47000000,2.3796856112312526e-06
52000000,2.3442457859346177e-06
147000000,2.3356269593932666e-06
151000000,2.3278253138414584e-06
155000000,2.3192892513179686e-06
247000000,2.312056267328444e-06
249000000,2.2623585209657904e-06
347000000,2.2532751700055087e-06
350000000,2.2437309326051036e-06
353000000,2.198705942646484e-06
447000000,2.186803158110706e-06
450000000,2.172821041313e-06
453000000,2.16217381421302e-06
548000000,2.149482952518156e-06
550000000,2.0666261661972385e-06
648000000,2.053890966635663e-06
649000000,2.007742750720354e-06
749000000,1.9919691567338305e-06
750000000,1.9356455140950857e-06
847000000,1.930947746586753e-06
849000000,1.908540298245498e-06
852000000,1.8792836726788664e-06
947000000,1.8632828187037376e-06
951000000,1.8492884237275575e-06
952000000,1.8047790035780054e-06
51000000,1.7960452396437177e-06
55000000,1.7856307295005536e-06
60000000,1.7728262946548057e-06
147000000,1.7378690699842991e-06
151000000,1.7598019894649042e-06
154000000,1.7391328128724126e-06
247000000,1.7234319784620311e-06
254000000,1.6959755839707213e-06
258000000,1.6513117770955432e-06
347000000,1.7359507182845846e-06
349000000,1.7157797174149891e-06
354000000,1.6924051351452363e-06
448000000,1.6725678051443538e-06
450000000,1.6253569583568606e-06
453000000,1.6296131661874824e-06
547000000,1.6276471797027625e-06
549000000,1.6395547390857246e-06
550000000,1.6004270264602383e-06
648000000,1.588584495948453e-06
648000000,1.5562609405606054e-06
654000000,1.5974560483300593e-06
748000000,1.5586005019940785e-06
752000000,1.6176541066670325e-06
755000000,1.556833240101696e-06
847000000,1.5146382565944805e-06
850000000,1.4835206911811838e-06
855000000,1.4852138292553718e-06
947000000,1.4714380540681304e-06
950000000,1.4958962992750457e-06
954000000,1.507391743871267e-06
47000000,1.4607728644477902e-06
49000000,1.4596798791899346e-06
51000000,1.419584009454411e-06
147000000,1.4357997315528337e-06
149000000,1.393791876580508e-06
152000000,1.4257008160711848e-06
247000000,1.3471486681737588e-06
249000000,1.4578819218513672e-06
251000000,1.5539557125521242e-06
348000000,1.3736787423113128e-06
350000000,1.4734273463545833e-06
351000000,2.6507336770009715e-06
447000000,2.6153600174438907e-06
450000000,2.4324219793925295e-06
547000000,2.3881239030743018e-06
550000000,2.326429694221588e-06
551000000,2.0560446500894614e-06
649000000,1.98905263459892e-06
652000000,1.9274364149168832e-06
656000000,1.7386104218530818e-06
748000000,1.7031073866746738e-06
748000000,1.6607942825430655e-06
753000000,1.6056405911513139e-06
848000000,1.5448049452970736e-06
851000000,1.413530526406248e-06
947000000,1.2742303852064651e-06
948000000,1.885757114905573e-06
952000000,3.3072137739509344e-06
47000000,3.2703298984415596e-06
49000000,3.2492962418473326e-06
50000000,3.225200316592236e-06
147000000,3.200450009899214e-06
153000000,3.178292899974622e-06
156000000,3.041122909053229e-06
248000000,3.017983999598073e-06
249000000,2.981009856739547e-06
253000000,2.8933379780937685e-06
347000000,2.9236448426672723e-06
348000000,2.8666968319157604e-06
352000000,2.8031049623677973e-06
447000000,2.7932253487961134e-06
447000000,2.8530589588626754e-06
451000000,2.671386937436182e-06
548000000,2.6636621441866737e-06
548000000,2.66238794210949e-06
551000000,2.662515726115089e-06
647000000,2.6384752800368005e-06
649000000,2.5594420094421366e-06
652000000,6.161747023725184e-06
747000000,5.91302205066313e-06
751000000,5.91583830100717e-06
752000000,5.760511612606933e-06
848000000,5.730823886551661e-06
851000000,5.65957407161477e-06
948000000,5.583448455581674e-06
950000000,5.709329343517311e-06
954000000,5.443348072731169e-06
47000000,5.467903065436985e-06
50000000,5.390836577134905e-06
52000000,5.43780834050267e-06
147000000,5.28904638485983e-06
150000000,5.247963599686045e-06
155000000,5.364107892091852e-06
247000000,5.198767212277744e-06
252000000,5.241455255600158e-06
254000000,5.1414408517302945e-06
347000000,5.071943178336369e-06
348000000,5.192649950913619e-06
447000000,2.2013055058778264e-06
451000000,4.6990535338409245e-06
454000000,4.760513547807932e-06
547000000,4.852402071264805e-06
550000000,4.763331617141375e-06
552000000,2.880899728552322e-06
647000000,1.3905624882681877e-06
647000000,1.769774513604716e-07
748000000,1.0347641676844432e-07
750000000,1.6929736545989726e-07
754000000,1.2473722676986654e-07
847000000,1.6662156099300773e-07
849000000,1.1805684607679723e-07
851000000,9.516327992287188e-08
948000000,1.7663229812114878e-07
950000000,2.1403855043899966e-07
953000000,6.443811884082606e-08
48000000,1.6694923488103086e-07
52000000,1.1718648806890997e-07
54000000,2.2374504737854295e-07
148000000,1.2139609850692068e-07
150000000,1.4336522724534007e-07
152000000,2.633440203680948e-07
247000000,6.966148191622779e-08
252000000,2.1310681574959744e-07
255000000,2.0046923054906074e-07
348000000,1.4412314897072065e-07
349000000,1.9564465958410437e-07
353000000,2.1015884499320237e-07
447000000,3.286437220140215e-07
449000000,1.9034804665807314e-07
453000000,1.7664912377313158e-07
548000000,2.1947241179987032e-07
550000000,2.1014801632190938e-07
553000000,1.8264080381413805e-07
648000000,2.0719646443012607e-07
648000000,1.875747415169826e-07
748000000,2.482802585745958e-07
749000000,1.9587628230510745e-07
753000000,2.2777430785936303e-07
848000000,2.8015210773446597e-07
850000000,2.9136904799997865e-07
948000000,2.4002957843549666e-07
951000000,2.4627664174659003e-07
953000000,2.4915490826060704e-07
47000000,2.5388592916897323e-07
50000000,2.769075422293099e-07
147000000,2.684591606794129e-07
151000000,2.688386757654371e-07
153000000,2.5907931444635324e-07
247000000,2.7582947836890526e-07
250000000,2.843454751655372e-07
251000000,2.852081024684594e-07
347000000,2.85844521386025e-07
349000000,2.822951614689373e-07
352000000,2.897895399200934e-07
447000000,2.972083166241646e-07
450000000,2.9270742629705637e-07
548000000,2.9753928743048164e-07
550000000,3.0643607829006214e-07
552000000,3.050052441722073e-07
647000000,3.079850046106003e-07
652000000,3.746982315533387e-07
747000000,4.054586213442235e-07
750000000,3.645325250545284e-07
753000000,3.0530816275131656e-07
847000000,3.225055706934654e-07
847000000,3.114060973530286e-07
850000000,3.253009026593645e-07
947000000,3.168244973039691e-07
949000000,3.3026742585207103e-07
48000000,3.236813483908918e-07
48000000,3.3309467539766047e-07
49000000,3.32686084902889e-07
147000000,3.244593074214208e-07
148000000,3.3487543760202243e-07
150000000,3.3126133303085226e-07
247000000,3.305991640445427e-07
248000000,3.398223782369314e-07
252000000,3.417399341287819e-07
347000000,3.319482857477851e-07
350000000,3.3116964459622977e-07
352000000,3.3182220704475185e-07
447000000,3.356502702445141e-07
449000000,3.418860217152542e-07
452000000,3.29744096916329e-07
547000000,3.384087960967008e-07
547000000,3.2715146858208755e-07
552000000,3.256119214256614e-07
647000000,3.352823512159375e-07
647000000,3.200024423222203e-07
650000000,3.1921229037834564e-07
748000000,3.286214109721186e-07
751000000,3.168835576161655e-07
847000000,3.0439122156167286e-07
849000000,3.2264253491121053e-07
852000000,3.1051575888341176e-07
948000000,3.0902961611900537e-07
950000000,3.169954823079024e-07
954000000,2.979384987611411e-07
48000000,2.970026855564356e-07
50000000,3.0097132253104064e-07
147000000,2.8891761871818744e-07
149000000,2.836361545632826e-07
155000000,2.947500092886912e-07
248000000,2.7881850428457255e-07
251000000,2.5559344862813305e-07
346000000,2.676338226592634e-07
350000000,2.8821614250773564e-07
352000000,2.876340943203104e-07
447000000,2.7691862669598777e-07
451000000,2.876340943203104e-07
547000000,2.7691862669598777e-07
547000000,2.772515301785461e-07
554000000,2.772515301785461e-07
647000000,2.876340943203104e-07
654000000,2.7691862669598777e-07
655000000,2.772515301785461e-07
747000000,2.876340943203104e-07
749000000,2.7691862669598777e-07
750000000,2.772515301785461e-07
849000000,2.876340943203104e-07
850000000,2.7691862669598777e-07
853000000,2.7691862669598777e-07
947000000,2.772515301785461e-07
949000000,2.876340943203104e-07
951000000,2.7691862669598777e-07
47000000,2.772515301785461e-07
48000000,2.876340943203104e-07
50000000,2.7691862669598777e-07
147000000,2.772515301785461e-07
150000000,2.876340943203104e-07
153000000,2.7691862669598777e-07
249000000,2.772515301785461e-07
252000000,2.876340943203104e-07
256000000,2.7691862669598777e-07
348000000,2.772515301785461e-07
349000000,2.876340943203104e-07
349000000,2.876340943203104e-07
447000000,2.7691862669598777e-07
449000000,2.772515301785461e-07
451000000,2.7691862669598777e-07
547000000,2.772515301785461e-07
548000000,2.876340943203104e-07
647000000,2.7691862669598777e-07
649000000,2.772515301785461e-07
650000000,2.772515301785461e-07
747000000,2.876340943203104e-07
749000000,2.7691862669598777e-07
752000000,2.7691862669598777e-07
847000000,2.772515301785461e-07
849000000,2.876340943203104e-07
851000000,2.876340943203104e-07
947000000,2.7691862669598777e-07
948000000,2.772515301785461e-07
949000000,2.772515301785461e-07
51000000,2.876340943203104e-07
53000000,2.7691862669598777e-07
55000000,2.772515301785461e-07
147000000,2.876340943203104e-07
151000000,2.7691862669598777e-07
243000000,2.772515301785461e-07
250000000,2.772515301785461e-07
346000000,2.876340943203104e-07
347000000,2.772515301785461e-07
350000000,2.7691862669598777e-07
447000000,2.772515301785461e-07
450000000,2.876340943203104e-07
452000000,2.7691862669598777e-07
547000000,2.772515301785461e-07
548000000,2.772515301785461e-07
647000000,2.876340943203104e-07
650000000,2.7691862669598777e-07
654000000,2.7691862669598777e-07
747000000,2.772515301785461e-07
747000000,2.876340943203104e-07
749000000,2.7691862669598777e-07
849000000,2.772515301785461e-07
849000000,2.876340943203104e-07
853000000,2.772515301785461e-07
948000000,2.876340943203104e-07
950000000,2.7691862669598777e-07
951000000,2.7691862669598777e-07
49000000,2.772515301785461e-07
53000000,2.876340943203104e-07
55000000,2.7691862669598777e-07
147000000,2.772515301785461e-07
148000000,2.876340943203104e-07
150000000,2.876340943203104e-07
247000000,2.7691862669598777e-07
248000000,2.772515301785461e-07
249000000,2.772515301785461e-07
347000000,2.876340943203104e-07
350000000,2.7691862669598777e-07
352000000,2.876340943203104e-07
448000000,2.7691862669598777e-07
448000000,2.772515301785461e-07
454000000,2.772515301785461e-07
547000000,2.876340943203104e-07
549000000,2.7691862669598777e-07
549000000,2.7691862669598777e-07
646000000,2.772515301785461e-07
649000000,2.7691862669598777e-07
747000000,2.772515301785461e-07
750000000,2.876340943203104e-07
847000000,2.7691862669598777e-07
850000000,2.772515301785461e-07
850000000,2.772515301785461e-07
947000000,2.876340943203104e-07
949000000,2.7691862669598777e-07
950000000,2.7691862669598777e-07
47000000,2.772515301785461e-07
48000000,2.876340943203104e-07
147000000,2.7691862669598777e-07
149000000,2.772515301785461e-07
153000000,2.7691862669598777e-07
247000000,2.772515301785461e-07
248000000,2.876340943203104e-07
253000000,2.7691862669598777e-07
348000000,2.772515301785461e-07
349000000,2.772515301785461e-07
447000000,2.876340943203104e-07
447000000,2.7691862669598777e-07
546000000,2.772515301785461e-07
554000000,2.7691862669598777e-07
647000000,2.772515301785461e-07
649000000,2.772515301785461e-07
747000000,2.876340943203104e-07
748000000,2.7691862669598777e-07
750000000,2.7691862669598777e-07
848000000,2.772515301785461e-07
849000000,2.876340943203104e-07
850000000,2.7691862669598777e-07
949000000,2.772515301785461e-07
953000000,2.876340943203104e-07
955000000,2.876340943203104e-07
48000000,2.7691862669598777e-07
51000000,2.7691862669598777e-07
150000000,2.772515301785461e-07
152000000,2.876340943203104e-07
154000000,2.7691862669598777e-07
248000000,2.772515301785461e-07
250000000,2.7691862669598777e-07
348000000,2.772515301785461e-07
348000000,2.876340943203104e-07
352000000,2.7691862669598777e-07
447000000,2.772515301785461e-07
449000000,2.876340943203104e-07
454000000,2.7691862669598777e-07
547000000,2.772515301785461e-07
547000000,2.876340943203104e-07
549000000,2.876340943203104e-07
647000000,2.7691862669598777e-07
649000000,2.772515301785461e-07
650000000,2.772515301785461e-07
747000000,2.876340943203104e-07
748000000,2.7691862669598777e-07
753000000,2.7691862669598777e-07
845000000,2.772515301785461e-07
849000000,2.876340943203104e-07
849000000,2.772515301785461e-07
949000000,2.876340943203104e-07
952000000,2.7691862669598777e-07
953000000,2.7691862669598777e-07
48000000,2.772515301785461e-07
49000000,2.876340943203104e-07
50000000,2.7691862669598777e-07
147000000,2.772515301785461e-07
151000000,2.876340943203104e-07
154000000,2.7691862669598777e-07
247000000,2.772515301785461e-07
249000000,2.876340943203104e-07
251000000,2.7691862669598777e-07
347000000,2.772515301785461e-07
350000000,2.876340943203104e-07
356000000,2.876340943203104e-07
447000000,2.7691862669598777e-07
451000000,2.7691862669598777e-07
547000000,2.772515301785461e-07
550000000,2.876340943203104e-07
553000000,2.7691862669598777e-07
647000000,2.772515301785461e-07
651000000,2.876340943203104e-07
653000000,2.876340943203104e-07
747000000,2.7691862669598777e-07
748000000,2.772515301785461e-07
754000000,2.772515301785461e-07
848000000,2.876340943203104e-07
851000000,2.7691862669598777e-07
854000000,2.772515301785461e-07
947000000,2.876340943203104e-07
947000000,2.7691862669598777e-07
948000000,2.876340943203104e-07
48000000,2.7691862669598777e-07
51000000,2.772515301785461e-07
144000000,2.876340943203104e-07
147000000,2.7691862669598777e-07
149000000,2.772515301785461e-07
247000000,2.876340943203104e-07
250000000,2.7691862669598777e-07
348000000,2.772515301785461e-07
350000000,2.876340943203104e-07
353000000,2.772515301785461e-07
448000000,2.876340943203104e-07
453000000,2.7691862669598777e-07
455000000,2.7691862669598777e-07
546000000,2.772515301785461e-07
548000000,2.876340943203104e-07
550000000,2.7691862669598777e-07
647000000,2.772515301785461e-07
651000000,2.876340943203104e-07
653000000,2.772515301785461e-07
747000000,2.876340943203104e-07
748000000,2.7691862669598777e-07
753000000,2.7691862669598777e-07
848000000,2.772515301785461e-07
856000000,2.876340943203104e-07
859000000,2.876340943203104e-07
947000000,2.7691862669598777e-07
947000000,2.7691862669598777e-07
947000000,2.876340943203104e-07
47000000,2.7691862669598777e-07
50000000,2.772515301785461e-07
51000000,2.7691862669598777e-07
148000000,2.772515301785461e-07
148000000,2.876340943203104e-07
247000000,2.7691862669598777e-07
248000000,2.772515301785461e-07
252000000,2.876340943203104e-07
347000000,2.7691862669598777e-07
349000000,2.772515301785461e-07
353000000,2.772515301785461e-07
448000000,2.876340943203104e-07
451000000,2.7691862669598777e-07
456000000,2.876340943203104e-07
548000000,2.7691862669598777e-07
549000000,2.876340943203104e-07
549000000,2.772515301785461e-07
648000000,2.876340943203104e-07
650000000,2.7691862669598777e-07
652000000,2.772515301785461e-07
748000000,2.876340943203104e-07
750000000,2.7691862669598777e-07
751000000,2.7691862669598777e-07
847000000,2.772515301785461e-07
850000000,2.876340943203104e-07
852000000,2.772515301785461e-07
948000000,2.876340943203104e-07
950000000,2.7691862669598777e-07
951000000,2.7691862669598777e-07
48000000,2.772515301785461e-07
51000000,2.876340943203104e-07
53000000,2.876340943203104e-07
148000000,2.7691862669598777e-07
